marriage_id,spouse1_id,spouse2_id,start_date,end_date,status
20000,20000,20001,1747-01-01,1797-06-01,deceased
20001,20002,20003,1750-01-01,1808-06-01,deceased
20002,20004,20005,1749-01-01,1788-06-01,deceased
20003,20006,20007,1750-01-01,1808-06-01,deceased
20004,20008,20009,1746-01-01,1801-06-01,deceased
20005,20010,20011,1743-01-01,1787-06-01,deceased
20006,20012,20013,1749-01-01,1768-06-01,deceased
20007,20014,20015,1748-01-01,1796-06-01,deceased
20008,20016,20017,1750-01-01,1793-06-01,deceased
20009,20018,20019,1746-01-01,1764-06-01,deceased
20010,20046,20058,1762-01-01,1786-06-01,deceased
20011,20052,20059,1761-01-01,1815-06-01,deceased
20012,20051,20060,1761-01-01,1801-06-01,deceased
20013,20048,20061,1763-01-01,1811-06-01,deceased
20014,20022,20062,1758-01-01,1802-06-01,deceased
20015,20024,20063,1761-01-01,1784-06-01,deceased
20016,20038,20064,1763-01-01,1789-06-01,deceased
20017,20054,20065,1759-01-01,1784-06-01,deceased
20018,20027,20066,1762-01-01,1797-06-01,deceased
20019,20055,20067,1760-01-01,1796-06-01,deceased
20020,20031,20030,1762-01-01,1787-06-01,deceased
20021,20056,20068,1762-01-01,1787-06-01,deceased
20022,20044,20069,1758-01-01,1791-06-01,deceased
20023,20021,20070,1762-01-01,1812-06-01,deceased
20024,20037,20071,1762-01-01,1788-06-01,deceased
20025,20049,20073,1759-01-01,1787-06-01,deceased
20026,20095,20132,1781-01-01,1803-06-01,deceased
20027,20093,20133,1778-01-01,1828-06-01,deceased
20028,20081,20134,1776-01-01,1814-06-01,deceased
20029,20102,20128,1776-01-01,1796-06-01,deceased
20030,20106,20136,1777-01-01,1827-06-01,deceased
20031,20096,20137,1781-01-01,1823-06-01,deceased
20032,20104,20138,1779-01-01,1816-06-01,deceased
20033,20127,20139,1779-01-01,1830-06-01,deceased
20034,20086,20141,1775-01-01,1798-06-01,deceased
20035,20112,20142,1775-01-01,1791-06-01,deceased
20036,20109,20144,1778-01-01,1806-06-01,deceased
20037,20082,20145,1780-01-01,1815-06-01,deceased
20038,20077,20146,1778-01-01,1811-06-01,deceased
20039,20123,20147,1775-01-01,1817-06-01,deceased
20040,20087,20148,1776-01-01,1799-06-01,deceased
20041,20114,20149,1777-01-01,1800-06-01,deceased
20042,20083,20150,1781-01-01,1826-06-01,deceased
20043,20129,20151,1777-01-01,1834-06-01,deceased
20044,20120,20152,1775-01-01,1813-06-01,deceased
20045,20099,20100,1779-01-01,1817-06-01,deceased
20046,20116,20153,1775-01-01,1795-06-01,deceased
20047,20131,20154,1781-01-01,1803-06-01,deceased
20048,20107,20156,1777-01-01,1805-06-01,deceased
20049,20101,20157,1781-01-01,1819-06-01,deceased
20050,20111,20160,1775-01-01,1806-06-01,deceased
20051,20079,20161,1777-01-01,1792-06-01,deceased
20052,20121,20162,1775-01-01,1798-06-01,deceased
20053,20207,20256,1798-01-01,1827-06-01,deceased
20054,20231,20257,1795-01-01,1825-06-01,deceased
20055,20177,20258,1794-01-01,1816-06-01,deceased
20056,20188,20259,1799-01-01,1843-06-01,deceased
20057,20249,20262,1793-01-01,1831-06-01,deceased
20058,20247,20263,1795-01-01,1823-06-01,deceased
20059,20220,20265,1798-01-01,1820-06-01,deceased
20060,20221,20266,1796-01-01,1837-06-01,deceased
20061,20194,20267,1798-01-01,1820-06-01,deceased
20062,20189,20268,1795-01-01,1821-06-01,deceased
20063,20242,20270,1794-01-01,1845-06-01,deceased
20064,20198,20271,1799-01-01,1821-06-01,deceased
20065,20196,20272,1795-01-01,1818-06-01,deceased
20066,20193,20274,1793-01-01,1820-06-01,deceased
20067,20179,20275,1794-01-01,1825-06-01,deceased
20068,20248,20276,1798-01-01,1858-06-01,deceased
20069,20210,20212,1795-01-01,1858-06-01,deceased
20070,20244,20277,1796-01-01,1838-06-01,deceased
20071,20214,20278,1799-01-01,1835-06-01,deceased
20072,20211,20229,1799-01-01,1844-06-01,deceased
20073,20169,20175,1798-01-01,1822-06-01,deceased
20074,20173,20280,1799-01-01,1851-06-01,deceased
20075,20163,20281,1795-01-01,1845-06-01,deceased
20076,20219,20282,1799-01-01,1828-06-01,deceased
20077,20183,20283,1794-01-01,1830-06-01,deceased
20078,20181,20284,1797-01-01,1840-06-01,deceased
20079,20240,20285,1799-01-01,1820-06-01,deceased
20080,20184,20286,1797-01-01,1812-06-01,deceased
20081,20251,20287,1794-01-01,1823-06-01,deceased
20082,20170,20288,1797-01-01,1839-06-01,deceased
20083,20206,20289,1796-01-01,1839-06-01,deceased
20084,20237,20290,1799-01-01,1821-06-01,deceased
20085,20185,20291,1795-01-01,1819-06-01,deceased
20086,20191,20292,1797-01-01,1821-06-01,deceased
20087,20197,20293,1793-01-01,1828-06-01,deceased
20088,20165,20295,1795-01-01,1828-06-01,deceased
20089,20224,20296,1799-01-01,1851-06-01,deceased
20090,20209,20297,1798-01-01,1865-06-01,deceased
20091,20236,20298,1797-01-01,1827-06-01,deceased
20092,20254,20299,1796-01-01,1825-06-01,deceased
20093,20230,20300,1793-01-01,1811-06-01,deceased
20094,20225,20303,1793-01-01,1849-06-01,deceased
20095,20352,20452,1815-01-01,1835-06-01,deceased
20096,20396,20453,1811-01-01,1829-06-01,deceased
20097,20324,20454,1817-01-01,1871-06-01,deceased
20098,20362,20456,1815-01-01,1838-06-01,deceased
20099,20321,20457,1814-01-01,1842-06-01,deceased
20100,20379,20414,1811-01-01,1834-06-01,deceased
20101,20342,20458,1813-01-01,1857-06-01,deceased
20102,20440,20459,1815-01-01,1843-06-01,deceased
20103,20410,20460,1814-01-01,1844-06-01,deceased
20104,20425,20461,1816-01-01,1848-06-01,deceased
20105,20449,20462,1817-01-01,1865-06-01,deceased
20106,20313,20463,1817-01-01,1866-06-01,deceased
20107,20368,20426,1817-01-01,1832-06-01,deceased
20108,20404,20464,1816-01-01,1870-06-01,deceased
20109,20415,20465,1817-01-01,1838-06-01,deceased
20110,20383,20467,1813-01-01,1841-06-01,deceased
20111,20337,20468,1816-01-01,1843-06-01,deceased
20112,20390,20469,1814-01-01,1836-06-01,deceased
20113,20421,20406,1815-01-01,1849-06-01,deceased
20114,20446,20470,1812-01-01,1845-06-01,deceased
20115,20360,20471,1815-01-01,1855-06-01,deceased
20116,20356,20401,1817-01-01,1861-06-01,deceased
20117,20443,20472,1813-01-01,1866-06-01,deceased
20118,20345,20473,1812-01-01,1843-06-01,deceased
20119,20340,20474,1817-01-01,1855-06-01,deceased
20120,20370,20475,1814-01-01,1833-06-01,deceased
20121,20395,20476,1817-01-01,1863-06-01,deceased
20122,20418,20477,1814-01-01,1863-06-01,deceased
20123,20376,20478,1816-01-01,1840-06-01,deceased
20124,20389,20479,1812-01-01,1871-06-01,deceased
20125,20407,20480,1813-01-01,1831-06-01,deceased
20126,20419,20481,1814-01-01,1842-06-01,deceased
20127,20393,20482,1816-01-01,1863-06-01,deceased
20128,20326,20483,1811-01-01,1846-06-01,deceased
20129,20392,20484,1815-01-01,1877-06-01,deceased
20130,20441,20485,1814-01-01,1838-06-01,deceased
20131,20439,20486,1813-01-01,1838-06-01,deceased
20132,20402,20487,1817-01-01,1859-06-01,deceased
20133,20361,20488,1813-01-01,1849-06-01,deceased
20134,20429,20489,1816-01-01,1850-06-01,deceased
20135,20427,20490,1817-01-01,1842-06-01,deceased
20136,20437,20491,1817-01-01,1838-06-01,deceased
20137,20309,20492,1813-01-01,1840-06-01,deceased
20138,20400,20493,1816-01-01,1836-06-01,deceased
20139,20405,20494,1813-01-01,1842-06-01,deceased
20140,20347,20495,1812-01-01,1843-06-01,deceased
20141,20320,20496,1811-01-01,1837-06-01,deceased
20142,20386,20339,1816-01-01,1856-06-01,deceased
20143,20374,20497,1812-01-01,1850-06-01,deceased
20144,20306,20498,1816-01-01,1857-06-01,deceased
20145,20307,20499,1817-01-01,1863-06-01,deceased
20146,20435,20500,1813-01-01,1871-06-01,deceased
20147,20420,20501,1817-01-01,1847-06-01,deceased
20148,20323,20397,1814-01-01,1833-06-01,deceased
20149,20359,20503,1816-01-01,1846-06-01,deceased
20150,20334,20504,1811-01-01,1830-06-01,deceased
20151,20387,20505,1817-01-01,1840-06-01,deceased
20152,20364,20506,1812-01-01,1849-06-01,deceased
20153,20317,20507,1815-01-01,1845-06-01,deceased
20154,20431,20508,1813-01-01,1863-06-01,deceased
20155,20366,20509,1817-01-01,1861-06-01,deceased
20156,20434,20511,1816-01-01,1852-06-01,deceased
20157,20372,20512,1815-01-01,1851-06-01,deceased
20158,20331,20513,1813-01-01,1877-06-01,deceased
20159,20338,20394,1811-01-01,1852-06-01,deceased
20160,20409,20514,1815-01-01,1841-06-01,deceased
20161,20329,20515,1817-01-01,1843-06-01,deceased
20162,20413,20516,1814-01-01,1834-06-01,deceased
20163,20333,20517,1817-01-01,1883-06-01,deceased
20164,20645,20737,1832-01-01,1851-06-01,deceased
20165,20590,20738,1834-01-01,1889-06-01,deceased
20166,20614,20739,1829-01-01,1854-06-01,deceased
20167,20624,20741,1834-01-01,1854-06-01,deceased
20168,20734,20742,1834-01-01,1857-06-01,deceased
20169,20607,20743,1829-01-01,1887-06-01,deceased
20170,20656,20744,1834-01-01,1867-06-01,deceased
20171,20552,20745,1830-01-01,1867-06-01,deceased
20172,20687,20747,1831-01-01,1865-06-01,deceased
20173,20660,20748,1835-01-01,1858-06-01,deceased
20174,20731,20749,1829-01-01,1854-06-01,deceased
20175,20667,20750,1834-01-01,1886-06-01,deceased
20176,20621,20751,1829-01-01,1849-06-01,deceased
20177,20704,20752,1830-01-01,1876-06-01,deceased
20178,20540,20753,1830-01-01,1869-06-01,deceased
20179,20604,20754,1832-01-01,1861-06-01,deceased
20180,20668,20755,1833-01-01,1869-06-01,deceased
20181,20638,20618,1829-01-01,1855-06-01,deceased
20182,20693,20756,1830-01-01,1873-06-01,deceased
20183,20639,20757,1830-01-01,1877-06-01,deceased
20184,20629,20758,1832-01-01,1856-06-01,deceased
20185,20555,20759,1831-01-01,1868-06-01,deceased
20186,20561,20760,1835-01-01,1868-06-01,deceased
20187,20699,20761,1832-01-01,1859-06-01,deceased
20188,20619,20763,1832-01-01,1867-06-01,deceased
20189,20565,20764,1829-01-01,1855-06-01,deceased
20190,20587,20765,1831-01-01,1867-06-01,deceased
20191,20647,20766,1830-01-01,1852-06-01,deceased
20192,20544,20767,1832-01-01,1865-06-01,deceased
20193,20716,20768,1834-01-01,1896-06-01,deceased
20194,20522,20769,1829-01-01,1889-06-01,deceased
20195,20563,20770,1832-01-01,1886-06-01,deceased
20196,20585,20771,1834-01-01,1888-06-01,deceased
20197,20635,20772,1835-01-01,1881-06-01,deceased
20198,20617,20773,1831-01-01,1880-06-01,deceased
20199,20549,20546,1832-01-01,1856-06-01,deceased
20200,20651,20774,1832-01-01,1866-06-01,deceased
20201,20646,20775,1835-01-01,1866-06-01,deceased
20202,20625,20776,1833-01-01,1881-06-01,deceased
20203,20679,20778,1835-01-01,1895-06-01,deceased
20204,20628,20779,1833-01-01,1854-06-01,deceased
20205,20719,20780,1834-01-01,1889-06-01,deceased
20206,20571,20781,1832-01-01,1887-06-01,deceased
20207,20736,20782,1831-01-01,1856-06-01,deceased
20208,20537,20784,1832-01-01,1864-06-01,deceased
20209,20557,20785,1829-01-01,1856-06-01,deceased
20210,20520,20786,1835-01-01,1853-06-01,deceased
20211,20589,20787,1829-01-01,1887-06-01,deceased
20212,20708,20788,1834-01-01,1851-06-01,deceased
20213,20598,20790,1832-01-01,1862-06-01,deceased
20214,20643,20791,1834-01-01,1862-06-01,deceased
20215,20523,20792,1833-01-01,1859-06-01,deceased
20216,20527,20794,1835-01-01,1871-06-01,deceased
20217,20673,20795,1830-01-01,1892-06-01,deceased
20218,20564,20796,1834-01-01,1877-06-01,deceased
20219,20725,20797,1835-01-01,1880-06-01,deceased
20220,20698,20798,1830-01-01,1852-06-01,deceased
20221,20664,20799,1831-01-01,1865-06-01,deceased
20222,20570,20800,1829-01-01,1850-06-01,deceased
20223,20556,20801,1835-01-01,1863-06-01,deceased
20224,20577,20802,1835-01-01,1853-06-01,deceased
20225,20634,20803,1832-01-01,1879-06-01,deceased
20226,20663,20804,1830-01-01,1853-06-01,deceased
20227,20681,20805,1832-01-01,1854-06-01,deceased
20228,20726,20806,1834-01-01,1875-06-01,deceased
20229,20525,20613,1831-01-01,1864-06-01,deceased
20230,20545,20652,1835-01-01,1856-06-01,deceased
20231,20683,20807,1829-01-01,1859-06-01,deceased
20232,20674,20808,1831-01-01,1854-06-01,deceased
20233,20721,20809,1833-01-01,1882-06-01,deceased
20234,20650,20735,1834-01-01,1856-06-01,deceased
20235,20602,20811,1831-01-01,1855-06-01,deceased
20236,20720,20812,1831-01-01,1874-06-01,deceased
20237,20729,20678,1834-01-01,1877-06-01,deceased
20238,20633,20814,1835-01-01,1856-06-01,deceased
20239,20579,20815,1830-01-01,1851-06-01,deceased
20240,20689,20816,1833-01-01,1859-06-01,deceased
20241,20700,20817,1834-01-01,1853-06-01,deceased
20242,20682,20818,1830-01-01,1876-06-01,deceased
20243,20526,20819,1830-01-01,1862-06-01,deceased
20244,20581,20644,1830-01-01,1852-06-01,deceased
20245,20676,20821,1829-01-01,1869-06-01,deceased
20246,20593,20823,1830-01-01,1864-06-01,deceased
20247,20547,20824,1830-01-01,1876-06-01,deceased
20248,20695,20825,1830-01-01,1895-06-01,deceased
20249,20658,20826,1832-01-01,1863-06-01,deceased
20250,20550,20827,1832-01-01,1864-06-01,deceased
20251,20715,20828,1834-01-01,1862-06-01,deceased
20252,20605,20829,1829-01-01,1875-06-01,deceased
20253,20583,20833,1833-01-01,1864-06-01,deceased
20254,20597,20834,1835-01-01,1866-06-01,deceased
20255,20572,20835,1831-01-01,1886-06-01,deceased
20256,20655,20836,1835-01-01,1871-06-01,deceased
20257,20712,20518,1834-01-01,1861-06-01,deceased
20258,20601,20837,1834-01-01,1874-06-01,deceased
20259,20671,20838,1829-01-01,1878-06-01,deceased
20260,20620,20839,1835-01-01,1851-06-01,deceased
20261,20533,20840,1829-01-01,1864-06-01,deceased
20262,20536,20558,1833-01-01,1860-06-01,deceased
20263,20528,20841,1830-01-01,1882-06-01,deceased
20264,21054,21142,1850-01-01,1887-06-01,deceased
20265,21070,21143,1847-01-01,1898-06-01,deceased
20266,20939,21144,1853-01-01,1883-06-01,deceased
20267,20960,21145,1847-01-01,1899-06-01,deceased
20268,21013,21146,1849-01-01,1874-06-01,deceased
20269,21138,21147,1847-01-01,1891-06-01,deceased
20270,20963,21148,1851-01-01,1869-06-01,deceased
20271,21031,21149,1848-01-01,1875-06-01,deceased
20272,20974,21150,1848-01-01,1889-06-01,deceased
20273,21058,21151,1850-01-01,1882-06-01,deceased
20274,20845,21152,1848-01-01,1867-06-01,deceased
20275,20860,21153,1847-01-01,1872-06-01,deceased
20276,20972,21154,1848-01-01,1874-06-01,deceased
20277,20924,21155,1853-01-01,1889-06-01,deceased
20278,21137,20954,1851-01-01,1879-06-01,deceased
20279,21009,21157,1847-01-01,1868-06-01,deceased
20280,21066,21158,1851-01-01,1876-06-01,deceased
20281,21114,21159,1849-01-01,1880-06-01,deceased
20282,20889,21160,1849-01-01,1896-06-01,deceased
20283,21091,21161,1853-01-01,1901-06-01,deceased
20284,21103,21162,1850-01-01,1890-06-01,deceased
20285,20983,21164,1848-01-01,1879-06-01,deceased
20286,20980,21165,1848-01-01,1902-06-01,deceased
20287,21088,21166,1851-01-01,1874-06-01,deceased
20288,20862,21167,1849-01-01,1900-06-01,deceased
20289,20913,21168,1853-01-01,1885-06-01,deceased
20290,20957,21169,1848-01-01,1873-06-01,deceased
20291,20872,21170,1847-01-01,1891-06-01,deceased
20292,21000,21171,1849-01-01,1903-06-01,deceased
20293,21043,21047,1852-01-01,1885-06-01,deceased
20294,20880,21172,1851-01-01,1914-06-01,deceased
20295,21076,21173,1850-01-01,1888-06-01,deceased
20296,21042,21174,1850-01-01,1876-06-01,deceased
20297,21094,21175,1849-01-01,1901-06-01,deceased
20298,20888,21176,1853-01-01,1884-06-01,deceased
20299,21128,21177,1851-01-01,1877-06-01,deceased
20300,21073,21178,1850-01-01,1868-06-01,deceased
20301,20879,20917,1853-01-01,1902-06-01,deceased
20302,20918,21180,1852-01-01,1880-06-01,deceased
20303,20874,21181,1850-01-01,1875-06-01,deceased
20304,21116,21182,1847-01-01,1890-06-01,deceased
20305,21018,21184,1849-01-01,1869-06-01,deceased
20306,20893,21185,1848-01-01,1872-06-01,deceased
20307,20956,21017,1850-01-01,1910-06-01,deceased
20308,20941,21186,1848-01-01,1892-06-01,deceased
20309,20946,21187,1852-01-01,1901-06-01,deceased
20310,20919,21190,1848-01-01,1866-06-01,deceased
20311,20953,21191,1852-01-01,1885-06-01,deceased
20312,20883,20928,1850-01-01,1882-06-01,deceased
20313,21099,21192,1852-01-01,1898-06-01,deceased
20314,21078,20952,1850-01-01,1877-06-01,deceased
20315,20959,21193,1852-01-01,1892-06-01,deceased
20316,20988,21194,1849-01-01,1889-06-01,deceased
20317,20922,21196,1852-01-01,1877-06-01,deceased
20318,21002,21197,1848-01-01,1897-06-01,deceased
20319,20977,21198,1853-01-01,1893-06-01,deceased
20320,20992,21200,1849-01-01,1903-06-01,deceased
20321,20936,21201,1850-01-01,1871-06-01,deceased
20322,21049,21202,1852-01-01,1880-06-01,deceased
20323,20947,21203,1848-01-01,1898-06-01,deceased
20324,21117,21204,1848-01-01,1870-06-01,deceased
20325,20885,20958,1847-01-01,1891-06-01,deceased
20326,20852,21205,1848-01-01,1879-06-01,deceased
20327,20915,21208,1847-01-01,1872-06-01,deceased
20328,21011,20842,1853-01-01,1900-06-01,deceased
20329,21028,21062,1853-01-01,1890-06-01,deceased
20330,20912,21209,1847-01-01,1899-06-01,deceased
20331,21082,21210,1853-01-01,1904-06-01,deceased
20332,21101,21211,1851-01-01,1888-06-01,deceased
20333,20987,21008,1851-01-01,1885-06-01,deceased
20334,20979,21212,1853-01-01,1882-06-01,deceased
20335,20846,21213,1848-01-01,1879-06-01,deceased
20336,21115,21214,1851-01-01,1876-06-01,deceased
20337,20899,21215,1852-01-01,1900-06-01,deceased
20338,20891,21216,1847-01-01,1877-06-01,deceased
20339,20908,21015,1848-01-01,1882-06-01,deceased
20340,21085,21217,1850-01-01,1874-06-01,deceased
20341,21135,20934,1852-01-01,1893-06-01,deceased
20342,20848,21218,1852-01-01,1866-06-01,deceased
20343,20969,21219,1849-01-01,1876-06-01,deceased
20344,21033,21220,1852-01-01,1874-06-01,deceased
20345,21016,21221,1852-01-01,1914-06-01,deceased
20346,20856,21222,1851-01-01,1881-06-01,deceased
20347,21069,21223,1848-01-01,1873-06-01,deceased
20348,21111,21224,1849-01-01,1911-06-01,deceased
20349,21112,21226,1853-01-01,1872-06-01,deceased
20350,20875,21010,1849-01-01,1886-06-01,deceased
20351,20870,21229,1853-01-01,1893-06-01,deceased
20352,20985,21231,1847-01-01,1871-06-01,deceased
20353,21063,21232,1848-01-01,1882-06-01,deceased
20354,21109,21233,1848-01-01,1884-06-01,deceased
20355,20944,21235,1849-01-01,1903-06-01,deceased
20356,21084,21236,1849-01-01,1883-06-01,deceased
20357,20877,21237,1851-01-01,1874-06-01,deceased
20358,20997,21238,1849-01-01,1875-06-01,deceased
20359,21120,21239,1850-01-01,1909-06-01,deceased
20360,21075,21240,1853-01-01,1916-06-01,deceased
20361,21124,21241,1849-01-01,1895-06-01,deceased
20362,20898,21242,1848-01-01,1880-06-01,deceased
20363,21095,21243,1852-01-01,1888-06-01,deceased
20364,20935,21244,1851-01-01,1871-06-01,deceased
20365,20901,21245,1851-01-01,1869-06-01,deceased
20366,20965,21246,1847-01-01,1870-06-01,deceased
20367,20905,21247,1852-01-01,1891-06-01,deceased
20368,21035,21248,1847-01-01,1884-06-01,deceased
20369,21041,20975,1848-01-01,1902-06-01,deceased
20370,21051,21249,1850-01-01,1880-06-01,deceased
20371,20920,21250,1848-01-01,1876-06-01,deceased
20372,20868,21251,1849-01-01,1867-06-01,deceased
20373,20929,21044,1852-01-01,1897-06-01,deceased
20374,20895,21252,1849-01-01,1873-06-01,deceased
20375,21081,21254,1853-01-01,1880-06-01,deceased
20376,21025,21050,1851-01-01,1881-06-01,deceased
20377,21106,21255,1853-01-01,1899-06-01,deceased
20378,20847,21256,1851-01-01,1876-06-01,deceased
20379,21107,21257,1850-01-01,1916-06-01,deceased
20380,20942,20943,1853-01-01,1891-06-01,deceased
20381,20949,21258,1847-01-01,1877-06-01,deceased
20382,21045,20940,1853-01-01,1903-06-01,deceased
20383,20933,21259,1849-01-01,1874-06-01,deceased
20384,21077,21260,1850-01-01,1871-06-01,deceased
20385,20926,21097,1848-01-01,1890-06-01,deceased
20386,21005,21261,1849-01-01,1887-06-01,deceased
20387,21127,21023,1849-01-01,1879-06-01,deceased
20388,21034,21262,1850-01-01,1872-06-01,deceased
20389,20904,21263,1850-01-01,1910-06-01,deceased
20390,20851,21264,1848-01-01,1889-06-01,deceased
20391,21064,21265,1850-01-01,1878-06-01,deceased
20392,21123,21267,1850-01-01,1870-06-01,deceased
20393,20923,21032,1851-01-01,1884-06-01,deceased
20394,20976,21268,1847-01-01,1866-06-01,deceased
20395,20907,21269,1850-01-01,1872-06-01,deceased
20396,20951,21271,1848-01-01,1875-06-01,deceased
20397,20927,21272,1853-01-01,1892-06-01,deceased
20398,20937,21273,1851-01-01,1899-06-01,deceased
20399,21012,21274,1849-01-01,1873-06-01,deceased
20400,21090,21275,1851-01-01,1876-06-01,deceased
20401,21338,21685,1869-01-01,1931-06-01,deceased
20402,21523,21686,1867-01-01,1891-06-01,deceased
20403,21635,21687,1870-01-01,1894-06-01,deceased
20404,21486,21688,1865-01-01,1898-06-01,deceased
20405,21431,21689,1867-01-01,1917-06-01,deceased
20406,21638,21690,1868-01-01,1903-06-01,deceased
20407,21587,21691,1870-01-01,1902-06-01,deceased
20408,21300,21692,1871-01-01,1905-06-01,deceased
20409,21382,21693,1868-01-01,1889-06-01,deceased
20410,21483,21694,1870-01-01,1905-06-01,deceased
20411,21284,21695,1868-01-01,1891-06-01,deceased
20412,21515,21696,1869-01-01,1889-06-01,deceased
20413,21474,21697,1869-01-01,1896-06-01,deceased
20414,21389,21699,1868-01-01,1906-06-01,deceased
20415,21288,21700,1868-01-01,1888-06-01,deceased
20416,21664,21351,1865-01-01,1901-06-01,deceased
20417,21672,21701,1865-01-01,1905-06-01,deceased
20418,21583,21702,1866-01-01,1890-06-01,deceased
20419,21530,21703,1866-01-01,1901-06-01,deceased
20420,21658,21704,1865-01-01,1909-06-01,deceased
20421,21536,21325,1869-01-01,1908-06-01,deceased
20422,21543,21705,1868-01-01,1898-06-01,deceased
20423,21599,21706,1871-01-01,1900-06-01,deceased
20424,21397,21708,1870-01-01,1907-06-01,deceased
20425,21497,21709,1871-01-01,1900-06-01,deceased
20426,21398,21710,1867-01-01,1915-06-01,deceased
20427,21546,21712,1866-01-01,1919-06-01,deceased
20428,21668,21713,1865-01-01,1894-06-01,deceased
20429,21517,21714,1868-01-01,1889-06-01,deceased
20430,21346,21715,1871-01-01,1889-06-01,deceased
20431,21572,21716,1866-01-01,1903-06-01,deceased
20432,21508,21717,1871-01-01,1901-06-01,deceased
20433,21455,21718,1867-01-01,1889-06-01,deceased
20434,21555,21719,1869-01-01,1891-06-01,deceased
20435,21328,21720,1869-01-01,1920-06-01,deceased
20436,21354,21721,1869-01-01,1905-06-01,deceased
20437,21429,21722,1868-01-01,1897-06-01,deceased
20438,21491,21723,1869-01-01,1911-06-01,deceased
20439,21277,21724,1866-01-01,1890-06-01,deceased
20440,21309,21725,1866-01-01,1892-06-01,deceased
20441,21608,21726,1865-01-01,1890-06-01,deceased
20442,21575,21727,1870-01-01,1904-06-01,deceased
20443,21424,21729,1870-01-01,1902-06-01,deceased
20444,21570,21730,1867-01-01,1902-06-01,deceased
20445,21349,21731,1869-01-01,1891-06-01,deceased
20446,21337,21732,1867-01-01,1914-06-01,deceased
20447,21471,21733,1865-01-01,1898-06-01,deceased
20448,21574,21734,1866-01-01,1908-06-01,deceased
20449,21427,21735,1869-01-01,1911-06-01,deceased
20450,21499,21736,1865-01-01,1883-06-01,deceased
20451,21578,21737,1870-01-01,1889-06-01,deceased
20452,21297,21416,1871-01-01,1908-06-01,deceased
20453,21641,21738,1870-01-01,1908-06-01,deceased
20454,21449,21739,1871-01-01,1896-06-01,deceased
20455,21645,21741,1868-01-01,1898-06-01,deceased
20456,21285,21742,1868-01-01,1915-06-01,deceased
20457,21437,21744,1865-01-01,1902-06-01,deceased
20458,21411,21745,1871-01-01,1915-06-01,deceased
20459,21283,21296,1867-01-01,1885-06-01,deceased
20460,21443,21746,1871-01-01,1900-06-01,deceased
20461,21636,21747,1868-01-01,1887-06-01,deceased
20462,21675,21748,1867-01-01,1909-06-01,deceased
20463,21512,21749,1866-01-01,1892-06-01,deceased
20464,21615,21750,1868-01-01,1896-06-01,deceased
20465,21387,21751,1868-01-01,1920-06-01,deceased
20466,21385,21752,1869-01-01,1896-06-01,deceased
20467,21450,21753,1868-01-01,1917-06-01,deceased
20468,21581,21754,1871-01-01,1892-06-01,deceased
20469,21677,21755,1865-01-01,1917-06-01,deceased
20470,21334,21756,1865-01-01,1921-06-01,deceased
20471,21408,21757,1865-01-01,1928-06-01,deceased
20472,21405,21537,1869-01-01,1911-06-01,deceased
20473,21381,21758,1868-01-01,1918-06-01,deceased
20474,21388,21759,1865-01-01,1921-06-01,deceased
20475,21330,21760,1869-01-01,1919-06-01,deceased
20476,21650,21761,1868-01-01,1895-06-01,deceased
20477,21372,21762,1871-01-01,1888-06-01,deceased
20478,21495,21542,1866-01-01,1922-06-01,deceased
20479,21540,21620,1869-01-01,1902-06-01,deceased
20480,21470,21764,1871-01-01,1921-06-01,deceased
20481,21282,21765,1868-01-01,1886-06-01,deceased
20482,21500,21766,1871-01-01,1897-06-01,deceased
20483,21320,21767,1867-01-01,1891-06-01,deceased
20484,21562,21768,1870-01-01,1899-06-01,deceased
20485,21643,21769,1870-01-01,1894-06-01,deceased
20486,21549,21770,1867-01-01,1893-06-01,deceased
20487,21492,21771,1866-01-01,1906-06-01,deceased
20488,21663,21772,1870-01-01,1936-06-01,deceased
20489,21595,21773,1870-01-01,1916-06-01,deceased
20490,21365,21774,1867-01-01,1888-06-01,deceased
20491,21316,21775,1867-01-01,1921-06-01,deceased
20492,21610,21777,1867-01-01,1925-06-01,deceased
20493,21396,21778,1871-01-01,1918-06-01,deceased
20494,21655,21779,1865-01-01,1898-06-01,deceased
20495,21369,21781,1866-01-01,1887-06-01,deceased
20496,21598,21782,1869-01-01,1896-06-01,deceased
20497,21545,21783,1865-01-01,1905-06-01,deceased
20498,21611,21784,1871-01-01,1910-06-01,deceased
20499,21302,21785,1866-01-01,1884-06-01,deceased
20500,21421,21786,1871-01-01,1888-06-01,deceased
20501,21511,21787,1871-01-01,1930-06-01,deceased
20502,21519,21789,1869-01-01,1895-06-01,deceased
20503,21481,21653,1871-01-01,1890-06-01,deceased
20504,21526,21790,1865-01-01,1886-06-01,deceased
20505,21585,21791,1870-01-01,1898-06-01,deceased
20506,21312,21613,1869-01-01,1910-06-01,deceased
20507,21373,21792,1870-01-01,1914-06-01,deceased
20508,21410,21793,1871-01-01,1921-06-01,deceased
20509,21452,21794,1868-01-01,1929-06-01,deceased
20510,21375,21795,1870-01-01,1924-06-01,deceased
20511,21652,21796,1869-01-01,1918-06-01,deceased
20512,21403,21797,1866-01-01,1884-06-01,deceased
20513,21469,21798,1870-01-01,1908-06-01,deceased
20514,21439,21799,1869-01-01,1892-06-01,deceased
20515,21322,21800,1870-01-01,1892-06-01,deceased
20516,21630,21801,1870-01-01,1907-06-01,deceased
20517,21566,21802,1869-01-01,1927-06-01,deceased
20518,21487,21803,1865-01-01,1909-06-01,deceased
20519,21660,21804,1866-01-01,1920-06-01,deceased
20520,21390,21805,1867-01-01,1902-06-01,deceased
20521,21589,21807,1866-01-01,1905-06-01,deceased
20522,21441,21378,1870-01-01,1899-06-01,deceased
20523,21525,21809,1869-01-01,1933-06-01,deceased
20524,21601,21810,1865-01-01,1907-06-01,deceased
20525,21505,21293,1869-01-01,1907-06-01,deceased
20526,21627,21811,1869-01-01,1908-06-01,deceased
20527,21534,21812,1867-01-01,1885-06-01,deceased
20528,21393,21813,1871-01-01,1912-06-01,deceased
20529,21371,21586,1866-01-01,1929-06-01,deceased
20530,21460,21817,1865-01-01,1922-06-01,deceased
20531,21625,21818,1866-01-01,1900-06-01,deceased
20532,21380,21819,1869-01-01,1888-06-01,deceased
20533,21538,21821,1867-01-01,1892-06-01,deceased
20534,21680,21822,1871-01-01,1897-06-01,deceased
20535,21310,21823,1866-01-01,1892-06-01,deceased
20536,21308,21824,1871-01-01,1896-06-01,deceased
20537,21550,21826,1867-01-01,1915-06-01,deceased
20538,21428,21827,1870-01-01,1893-06-01,deceased
20539,21648,21828,1869-01-01,1897-06-01,deceased
20540,21559,21579,1869-01-01,1898-06-01,deceased
20541,21341,21829,1866-01-01,1901-06-01,deceased
20542,21472,21830,1866-01-01,1893-06-01,deceased
20543,21622,21831,1869-01-01,1901-06-01,deceased
20544,21315,21833,1871-01-01,1901-06-01,deceased
20545,21461,21834,1868-01-01,1894-06-01,deceased
20546,21609,21835,1867-01-01,1892-06-01,deceased
20547,21445,21836,1869-01-01,1896-06-01,deceased
20548,21464,21837,1869-01-01,1901-06-01,deceased
20549,21299,21838,1866-01-01,1905-06-01,deceased
20550,21476,21839,1867-01-01,1918-06-01,deceased
20551,21294,21840,1866-01-01,1892-06-01,deceased
20552,21376,21841,1865-01-01,1889-06-01,deceased
20553,21353,21842,1866-01-01,1910-06-01,deceased
20554,21356,21843,1871-01-01,1897-06-01,deceased
20555,21422,21844,1866-01-01,1889-06-01,deceased
20556,21466,21846,1869-01-01,1884-06-01,deceased
20557,21336,21847,1865-01-01,1892-06-01,deceased
20558,21459,21848,1870-01-01,1888-06-01,deceased
20559,21319,21849,1871-01-01,1905-06-01,deceased
20560,21591,21850,1867-01-01,1924-06-01,deceased
20561,21432,21851,1871-01-01,1910-06-01,deceased
20562,21279,21852,1866-01-01,1925-06-01,deceased
20563,21602,21854,1866-01-01,1901-06-01,deceased
20564,21438,21855,1868-01-01,1906-06-01,deceased
20565,21565,21856,1871-01-01,1900-06-01,deceased
20566,21667,21857,1869-01-01,1905-06-01,deceased
20567,21496,21858,1867-01-01,1912-06-01,deceased
20568,21558,21859,1865-01-01,1911-06-01,deceased
20569,21619,21861,1867-01-01,1904-06-01,deceased
20570,21477,21862,1865-01-01,1887-06-01,deceased
20571,21561,21863,1868-01-01,1910-06-01,deceased
20572,21657,21864,1870-01-01,1888-06-01,deceased
20573,21447,21865,1868-01-01,1919-06-01,deceased
20574,21467,21866,1868-01-01,1908-06-01,deceased
20575,21676,21867,1869-01-01,1888-06-01,deceased
20576,22001,21872,1887-01-01,1915-06-01,deceased
20577,22100,22404,1889-01-01,1918-06-01,deceased
20578,21969,22405,1883-01-01,1938-06-01,deceased
20579,22167,22406,1887-01-01,1917-06-01,deceased
20580,22114,22115,1886-01-01,1920-06-01,deceased
20581,21895,22407,1889-01-01,1920-06-01,deceased
20582,22216,22408,1884-01-01,1907-06-01,deceased
20583,22231,22409,1883-01-01,1923-06-01,deceased
20584,22049,22412,1883-01-01,1900-06-01,deceased
20585,22354,22413,1886-01-01,1920-06-01,deceased
20586,22143,22414,1885-01-01,1908-06-01,deceased
20587,22197,22415,1884-01-01,1910-06-01,deceased
20588,22213,22416,1889-01-01,1916-06-01,deceased
20589,22033,22381,1885-01-01,1932-06-01,deceased
20590,22030,22279,1887-01-01,1911-06-01,deceased
20591,22360,22418,1885-01-01,1905-06-01,deceased
20592,21997,22419,1889-01-01,1913-06-01,deceased
20593,22168,22420,1889-01-01,1908-06-01,deceased
20594,22260,22421,1883-01-01,1903-06-01,deceased
20595,21886,22422,1888-01-01,1921-06-01,deceased
20596,22308,22423,1887-01-01,1922-06-01,deceased
20597,22090,22424,1887-01-01,1910-06-01,deceased
20598,22241,22068,1884-01-01,1908-06-01,deceased
20599,22349,22425,1884-01-01,1919-06-01,deceased
20600,22196,22426,1883-01-01,1934-06-01,deceased
20601,22175,22427,1883-01-01,1926-06-01,deceased
20602,21924,22428,1883-01-01,1931-06-01,deceased
20603,22116,22429,1887-01-01,1919-06-01,deceased
20604,22295,22430,1885-01-01,1930-06-01,deceased
20605,22073,22431,1887-01-01,1905-06-01,deceased
20606,22378,22434,1887-01-01,1912-06-01,deceased
20607,22078,22435,1886-01-01,1929-06-01,deceased
20608,21877,22436,1884-01-01,1920-06-01,deceased
20609,21869,22437,1887-01-01,1950-06-01,deceased
20610,21888,22438,1884-01-01,1937-06-01,deceased
20611,22237,22439,1884-01-01,1934-06-01,deceased
20612,22013,22219,1888-01-01,1944-06-01,deceased
20613,22330,22440,1887-01-01,1942-06-01,deceased
20614,22120,22441,1889-01-01,1916-06-01,deceased
20615,22193,22443,1883-01-01,1941-06-01,deceased
20616,21937,22444,1884-01-01,1907-06-01,deceased
20617,21962,22445,1883-01-01,1903-06-01,deceased
20618,21976,22446,1888-01-01,1918-06-01,deceased
20619,21994,22448,1886-01-01,1926-06-01,deceased
20620,22145,22449,1888-01-01,1921-06-01,deceased
20621,21901,22450,1888-01-01,1911-06-01,deceased
20622,22190,22451,1889-01-01,1920-06-01,deceased
20623,22365,22452,1883-01-01,1930-06-01,deceased
20624,22281,22453,1889-01-01,1909-06-01,deceased
20625,21892,22454,1886-01-01,1921-06-01,deceased
20626,21966,22456,1886-01-01,1920-06-01,deceased
20627,22307,22457,1886-01-01,1915-06-01,deceased
20628,21999,22458,1884-01-01,1902-06-01,deceased
20629,22250,22459,1884-01-01,1904-06-01,deceased
20630,22370,22461,1885-01-01,1906-06-01,deceased
20631,22270,22462,1887-01-01,1909-06-01,deceased
20632,22217,22138,1889-01-01,1916-06-01,deceased
20633,22347,22463,1885-01-01,1912-06-01,deceased
20634,22137,22465,1889-01-01,1921-06-01,deceased
20635,22127,22466,1884-01-01,1932-06-01,deceased
20636,21935,22467,1888-01-01,1906-06-01,deceased
20637,22280,22469,1886-01-01,1902-06-01,deceased
20638,22031,22470,1888-01-01,1913-06-01,deceased
20639,21983,22471,1885-01-01,1922-06-01,deceased
20640,22008,22473,1888-01-01,1927-06-01,deceased
20641,22025,22474,1885-01-01,1940-06-01,deceased
20642,22316,22475,1889-01-01,1907-06-01,deceased
20643,22286,22476,1889-01-01,1913-06-01,deceased
20644,22061,22477,1883-01-01,1921-06-01,deceased
20645,22123,22478,1885-01-01,1910-06-01,deceased
20646,22155,22479,1883-01-01,1922-06-01,deceased
20647,22338,22480,1887-01-01,1918-06-01,deceased
20648,22161,22481,1887-01-01,1911-06-01,deceased
20649,22038,22482,1889-01-01,1953-06-01,deceased
20650,22366,22484,1888-01-01,1934-06-01,deceased
20651,22121,22485,1883-01-01,1926-06-01,deceased
20652,22289,22486,1889-01-01,1920-06-01,deceased
20653,22041,22487,1888-01-01,1928-06-01,deceased
20654,22377,22488,1883-01-01,1901-06-01,deceased
20655,21998,22489,1883-01-01,1909-06-01,deceased
20656,22271,22490,1887-01-01,1916-06-01,deceased
20657,22300,22491,1888-01-01,1926-06-01,deceased
20658,22291,22492,1885-01-01,1904-06-01,deceased
20659,22400,22493,1888-01-01,1938-06-01,deceased
20660,22285,22494,1887-01-01,1918-06-01,deceased
20661,21881,22495,1884-01-01,1903-06-01,deceased
20662,22034,22496,1889-01-01,1937-06-01,deceased
20663,22139,22299,1885-01-01,1925-06-01,deceased
20664,22081,22497,1887-01-01,1917-06-01,deceased
20665,21878,22227,1889-01-01,1924-06-01,deceased
20666,22188,22498,1885-01-01,1910-06-01,deceased
20667,22388,22499,1884-01-01,1914-06-01,deceased
20668,22006,22500,1889-01-01,1914-06-01,deceased
20669,21930,22501,1888-01-01,1917-06-01,deceased
20670,22344,22502,1886-01-01,1917-06-01,deceased
20671,21981,22503,1883-01-01,1918-06-01,deceased
20672,21986,22104,1886-01-01,1912-06-01,deceased
20673,22236,22504,1885-01-01,1910-06-01,deceased
20674,22105,22505,1887-01-01,1908-06-01,deceased
20675,22088,22506,1884-01-01,1930-06-01,deceased
20676,21875,22507,1883-01-01,1922-06-01,deceased
20677,22153,22508,1884-01-01,1902-06-01,deceased
20678,22284,22509,1884-01-01,1924-06-01,deceased
20679,22375,22510,1886-01-01,1937-06-01,deceased
20680,22022,22512,1885-01-01,1938-06-01,deceased
20681,22151,22513,1889-01-01,1911-06-01,deceased
20682,22226,22514,1887-01-01,1931-06-01,deceased
20683,22162,22070,1884-01-01,1910-06-01,deceased
20684,22084,21971,1884-01-01,1936-06-01,deceased
20685,21873,22517,1885-01-01,1910-06-01,deceased
20686,22395,22225,1887-01-01,1920-06-01,deceased
20687,22327,22311,1888-01-01,1906-06-01,deceased
20688,22245,22519,1886-01-01,1920-06-01,deceased
20689,22264,22065,1886-01-01,1907-06-01,deceased
20690,22242,22147,1889-01-01,1907-06-01,deceased
20691,22195,22521,1883-01-01,1912-06-01,deceased
20692,22322,22522,1887-01-01,1910-06-01,deceased
20693,22386,22523,1886-01-01,1944-06-01,deceased
20694,22233,22249,1889-01-01,1930-06-01,deceased
20695,21894,22525,1885-01-01,1947-06-01,deceased
20696,21871,21926,1883-01-01,1918-06-01,deceased
20697,22340,22527,1883-01-01,1925-06-01,deceased
20698,22324,22528,1886-01-01,1904-06-01,deceased
20699,21904,22529,1889-01-01,1918-06-01,deceased
20700,22398,22530,1884-01-01,1911-06-01,deceased
20701,22118,22531,1885-01-01,1910-06-01,deceased
20702,22323,22532,1886-01-01,1909-06-01,deceased
20703,22023,22533,1886-01-01,1921-06-01,deceased
20704,22205,22015,1889-01-01,1920-06-01,deceased
20705,22335,22077,1889-01-01,1937-06-01,deceased
20706,22201,21887,1883-01-01,1910-06-01,deceased
20707,21949,22111,1886-01-01,1936-06-01,deceased
20708,22359,22534,1885-01-01,1924-06-01,deceased
20709,21965,22535,1885-01-01,1921-06-01,deceased
20710,21907,22536,1889-01-01,1956-06-01,deceased
20711,21988,22537,1886-01-01,1916-06-01,deceased
20712,22207,22538,1886-01-01,1905-06-01,deceased
20713,22142,22539,1888-01-01,1928-06-01,deceased
20714,22373,22540,1888-01-01,1931-06-01,deceased
20715,22390,22541,1885-01-01,1906-06-01,deceased
20716,22017,22148,1885-01-01,1924-06-01,deceased
20717,21915,22542,1886-01-01,1924-06-01,deceased
20718,22043,22543,1885-01-01,1931-06-01,deceased
20719,22045,22545,1883-01-01,1905-06-01,deceased
20720,22117,22546,1888-01-01,1924-06-01,deceased
20721,22089,22547,1884-01-01,1933-06-01,deceased
20722,22320,22379,1883-01-01,1904-06-01,deceased
20723,22393,22548,1889-01-01,1921-06-01,deceased
20724,22036,22549,1889-01-01,1941-06-01,deceased
20725,22058,22550,1883-01-01,1919-06-01,deceased
20726,21987,22551,1884-01-01,1906-06-01,deceased
20727,22276,22552,1884-01-01,1947-06-01,deceased
20728,22211,22553,1889-01-01,1918-06-01,deceased
20729,22396,22554,1884-01-01,1941-06-01,deceased
20730,22269,22555,1889-01-01,1920-06-01,deceased
20731,22053,22556,1888-01-01,1921-06-01,deceased
20732,21920,22218,1888-01-01,1938-06-01,deceased
20733,22180,22557,1884-01-01,1922-06-01,deceased
20734,22179,22558,1888-01-01,1910-06-01,deceased
20735,22159,22559,1885-01-01,1937-06-01,deceased
20736,22230,22258,1883-01-01,1938-06-01,deceased
20737,21910,22561,1886-01-01,1921-06-01,deceased
20738,22014,22562,1884-01-01,1942-06-01,deceased
20739,22029,22563,1888-01-01,1912-06-01,deceased
20740,22367,22564,1886-01-01,1910-06-01,deceased
20741,22200,22565,1884-01-01,1915-06-01,deceased
20742,22296,22566,1889-01-01,1945-06-01,deceased
20743,22067,22567,1889-01-01,1912-06-01,deceased
20744,22093,22568,1888-01-01,1917-06-01,deceased
20745,22158,22570,1886-01-01,1912-06-01,deceased
20746,22189,22571,1889-01-01,1954-06-01,deceased
20747,21943,22572,1889-01-01,1945-06-01,deceased
20748,22181,22575,1883-01-01,1913-06-01,deceased
20749,22301,22576,1888-01-01,1935-06-01,deceased
20750,22288,22577,1885-01-01,1924-06-01,deceased
20751,22064,22578,1883-01-01,1915-06-01,deceased
20752,22353,22579,1884-01-01,1931-06-01,deceased
20753,21939,22580,1889-01-01,1912-06-01,deceased
20754,22402,22581,1887-01-01,1932-06-01,deceased
20755,22059,22582,1887-01-01,1906-06-01,deceased
20756,22380,22583,1887-01-01,1907-06-01,deceased
20757,22223,22584,1883-01-01,1905-06-01,deceased
20758,22334,22585,1889-01-01,1904-06-01,deceased
20759,22165,22586,1885-01-01,1911-06-01,deceased
20760,22346,22587,1885-01-01,1910-06-01,deceased
20761,22164,22589,1885-01-01,1942-06-01,deceased
20762,22265,22590,1883-01-01,1901-06-01,deceased
20763,22141,22591,1885-01-01,1913-06-01,deceased
20764,22083,21923,1884-01-01,1906-06-01,deceased
20765,21985,22592,1889-01-01,1919-06-01,deceased
20766,21925,22593,1886-01-01,1915-06-01,deceased
20767,22350,22594,1885-01-01,1926-06-01,deceased
20768,21938,22595,1888-01-01,1921-06-01,deceased
20769,21896,22597,1884-01-01,1929-06-01,deceased
20770,22273,22598,1884-01-01,1924-06-01,deceased
20771,22255,22599,1885-01-01,1929-06-01,deceased
20772,22098,22362,1887-01-01,1915-06-01,deceased
20773,22132,22600,1884-01-01,1922-06-01,deceased
20774,22204,22601,1887-01-01,1923-06-01,deceased
20775,22027,22602,1886-01-01,1950-06-01,deceased
20776,22183,22603,1887-01-01,1915-06-01,deceased
20777,22042,22605,1886-01-01,1915-06-01,deceased
20778,22057,22607,1888-01-01,1930-06-01,deceased
20779,22016,22608,1886-01-01,1912-06-01,deceased
20780,22310,22609,1884-01-01,1921-06-01,deceased
20781,22177,22610,1885-01-01,1929-06-01,deceased
20782,22026,22611,1884-01-01,1905-06-01,deceased
20783,22246,22612,1886-01-01,1933-06-01,deceased
20784,22232,22613,1884-01-01,1909-06-01,deceased
20785,22146,22035,1885-01-01,1915-06-01,deceased
20786,22069,22614,1886-01-01,1925-06-01,deceased
20787,21891,22198,1886-01-01,1925-06-01,deceased
20788,21922,22615,1888-01-01,1946-06-01,deceased
20789,21951,22616,1883-01-01,1945-06-01,deceased
20790,22382,22617,1885-01-01,1919-06-01,deceased
20791,22357,22618,1886-01-01,1927-06-01,deceased
20792,22261,22619,1888-01-01,1923-06-01,deceased
20793,22113,22620,1884-01-01,1928-06-01,deceased
20794,22343,22621,1885-01-01,1935-06-01,deceased
20795,22072,22622,1886-01-01,1905-06-01,deceased
20796,21889,22199,1888-01-01,1924-06-01,deceased
20797,22160,22623,1888-01-01,1911-06-01,deceased
20798,21918,22624,1886-01-01,1920-06-01,deceased
20799,21883,22625,1888-01-01,1918-06-01,deceased
20800,21980,22626,1889-01-01,1911-06-01,deceased
20801,22251,22627,1886-01-01,1927-06-01,deceased
20802,21899,22024,1883-01-01,1914-06-01,deceased
20803,22169,22628,1883-01-01,1906-06-01,deceased
20804,22332,22629,1883-01-01,1913-06-01,deceased
20805,22079,22630,1887-01-01,1939-06-01,deceased
20806,22298,22631,1888-01-01,1927-06-01,deceased
20807,22220,22632,1883-01-01,1935-06-01,deceased
20808,21931,22633,1885-01-01,1909-06-01,deceased
20809,21992,22130,1886-01-01,1931-06-01,deceased
20810,22318,22634,1884-01-01,1945-06-01,deceased
20811,22152,22635,1889-01-01,1919-06-01,deceased
20812,22055,22637,1886-01-01,1924-06-01,deceased
20813,22363,22639,1888-01-01,1938-06-01,deceased
20814,21978,21898,1888-01-01,1914-06-01,deceased
20815,21995,22641,1886-01-01,1936-06-01,deceased
20816,22253,22642,1887-01-01,1948-06-01,deceased
20817,22149,22643,1889-01-01,1946-06-01,deceased
20818,22896,23384,1905-01-01,1925-06-01,deceased
20819,23058,23385,1903-01-01,1934-06-01,deceased
20820,23079,22931,1903-01-01,1966-06-01,deceased
20821,23153,23389,1906-01-01,1932-06-01,deceased
20822,23240,23390,1905-01-01,1971-06-01,deceased
20823,22786,23391,1904-01-01,1933-06-01,deceased
20824,23250,23336,1904-01-01,1921-06-01,deceased
20825,22742,23393,1902-01-01,1939-06-01,deceased
20826,22702,23395,1905-01-01,1938-06-01,deceased
20827,23060,23396,1907-01-01,1946-06-01,deceased
20828,23350,23397,1903-01-01,1936-06-01,deceased
20829,23254,23398,1903-01-01,1953-06-01,deceased
20830,22667,22923,1902-01-01,1961-06-01,deceased
20831,23237,23400,1903-01-01,1943-06-01,deceased
20832,23288,23067,1906-01-01,1946-06-01,deceased
20833,23206,23402,1907-01-01,1926-06-01,deceased
20834,23243,23403,1904-01-01,1939-06-01,deceased
20835,22655,23404,1903-01-01,1939-06-01,deceased
20836,22815,23405,1904-01-01,1953-06-01,deceased
20837,22766,23407,1905-01-01,1920-06-01,deceased
20838,22968,23161,1901-01-01,1925-06-01,deceased
20839,23298,23408,1901-01-01,1944-06-01,deceased
20840,23042,23329,1907-01-01,1930-06-01,deceased
20841,22830,23409,1904-01-01,1957-06-01,deceased
20842,22767,23410,1907-01-01,1930-06-01,deceased
20843,23360,23411,1905-01-01,1940-06-01,deceased
20844,23106,23412,1903-01-01,1943-06-01,deceased
20845,23348,23413,1902-01-01,1951-06-01,deceased
20846,23056,23414,1901-01-01,1955-06-01,deceased
20847,23010,23415,1905-01-01,1927-06-01,deceased
20848,23212,23416,1907-01-01,1928-06-01,deceased
20849,22997,23417,1901-01-01,1931-06-01,deceased
20850,22757,23418,1907-01-01,1935-06-01,deceased
20851,22776,23419,1902-01-01,1952-06-01,deceased
20852,23066,23124,1907-01-01,1955-06-01,deceased
20853,22844,23422,1901-01-01,1949-06-01,deceased
20854,23112,23423,1901-01-01,1915-06-01,deceased
20855,23323,23424,1904-01-01,1927-06-01,deceased
20856,22926,23425,1903-01-01,1953-06-01,deceased
20857,23272,23426,1907-01-01,1933-06-01,deceased
20858,23050,23428,1905-01-01,1945-06-01,deceased
20859,23333,23429,1907-01-01,1953-06-01,deceased
20860,23018,23256,1905-01-01,1931-06-01,deceased
20861,22797,23431,1902-01-01,1927-06-01,deceased
20862,22822,23432,1905-01-01,1939-06-01,deceased
20863,23282,23433,1904-01-01,1954-06-01,deceased
20864,23140,23435,1904-01-01,1927-06-01,deceased
20865,23363,23436,1904-01-01,1935-06-01,deceased
20866,22961,23437,1902-01-01,1936-06-01,deceased
20867,22998,22699,1903-01-01,1928-06-01,deceased
20868,23246,23438,1905-01-01,1969-06-01,deceased
20869,23213,23439,1905-01-01,1938-06-01,deceased
20870,23071,23440,1904-01-01,1922-06-01,deceased
20871,22819,23441,1901-01-01,1930-06-01,deceased
20872,23276,23442,1901-01-01,1920-06-01,deceased
20873,22720,23443,1905-01-01,1936-06-01,deceased
20874,22644,23444,1903-01-01,1929-06-01,deceased
20875,23381,23445,1902-01-01,1934-06-01,deceased
20876,22985,23446,1902-01-01,1953-06-01,deceased
20877,22683,23447,1903-01-01,1931-06-01,deceased
20878,23127,23448,1905-01-01,1924-06-01,deceased
20879,22727,23449,1906-01-01,1935-06-01,deceased
20880,23120,23450,1903-01-01,1949-06-01,deceased
20881,23258,23087,1907-01-01,1929-06-01,deceased
20882,23279,23451,1902-01-01,1925-06-01,deceased
20883,22801,23452,1903-01-01,1927-06-01,deceased
20884,22885,23454,1902-01-01,1923-06-01,deceased
20885,23151,23456,1903-01-01,1950-06-01,deceased
20886,22833,23457,1902-01-01,1941-06-01,deceased
20887,23098,23458,1907-01-01,1927-06-01,deceased
20888,22990,23459,1902-01-01,1952-06-01,deceased
20889,23054,23460,1902-01-01,1933-06-01,deceased
20890,23286,23462,1903-01-01,1927-06-01,deceased
20891,22883,23463,1906-01-01,1929-06-01,deceased
20892,23289,23464,1904-01-01,1953-06-01,deceased
20893,22988,23465,1905-01-01,1929-06-01,deceased
20894,22899,23466,1902-01-01,1930-06-01,deceased
20895,22646,23467,1904-01-01,1923-06-01,deceased
20896,23022,23468,1901-01-01,1947-06-01,deceased
20897,22870,22996,1905-01-01,1934-06-01,deceased
20898,22783,23469,1907-01-01,1956-06-01,deceased
20899,23061,23470,1901-01-01,1951-06-01,deceased
20900,22792,23471,1907-01-01,1928-06-01,deceased
20901,23180,23472,1906-01-01,1955-06-01,deceased
20902,23343,23473,1903-01-01,1921-06-01,deceased
20903,23283,23062,1906-01-01,1926-06-01,deceased
20904,22839,23474,1905-01-01,1927-06-01,deceased
20905,23200,23475,1903-01-01,1936-06-01,deceased
20906,22796,23476,1907-01-01,1940-06-01,deceased
20907,22809,23477,1901-01-01,1937-06-01,deceased
20908,23133,23479,1903-01-01,1929-06-01,deceased
20909,23013,23480,1907-01-01,1968-06-01,deceased
20910,22761,23481,1901-01-01,1935-06-01,deceased
20911,23354,23482,1903-01-01,1927-06-01,deceased
20912,22857,23483,1905-01-01,1943-06-01,deceased
20913,22744,23486,1905-01-01,1932-06-01,deceased
20914,22864,23253,1905-01-01,1925-06-01,deceased
20915,22791,23488,1904-01-01,1927-06-01,deceased
20916,23157,23489,1907-01-01,1928-06-01,deceased
20917,23015,23490,1907-01-01,1928-06-01,deceased
20918,22824,23491,1902-01-01,1941-06-01,deceased
20919,22897,23492,1902-01-01,1937-06-01,deceased
20920,23160,23493,1905-01-01,1953-06-01,deceased
20921,23270,23494,1902-01-01,1945-06-01,deceased
20922,23198,23495,1902-01-01,1954-06-01,deceased
20923,22731,23496,1905-01-01,1941-06-01,deceased
20924,22901,23497,1901-01-01,1940-06-01,deceased
20925,23300,23498,1905-01-01,1922-06-01,deceased
20926,23292,22865,1905-01-01,1967-06-01,deceased
20927,23187,22947,1901-01-01,1934-06-01,deceased
20928,23111,23501,1907-01-01,1928-06-01,deceased
20929,23222,23502,1903-01-01,1926-06-01,deceased
20930,23318,23503,1907-01-01,1926-06-01,deceased
20931,22820,23504,1904-01-01,1938-06-01,deceased
20932,22677,23505,1902-01-01,1922-06-01,deceased
20933,22832,23506,1902-01-01,1953-06-01,deceased
20934,23188,23507,1905-01-01,1939-06-01,deceased
20935,22893,23509,1902-01-01,1944-06-01,deceased
20936,23043,23308,1901-01-01,1942-06-01,deceased
20937,23259,23510,1907-01-01,1927-06-01,deceased
20938,22674,23511,1904-01-01,1923-06-01,deceased
20939,22916,23512,1901-01-01,1929-06-01,deceased
20940,23241,23513,1903-01-01,1924-06-01,deceased
20941,23244,23514,1905-01-01,1928-06-01,deceased
20942,23001,23515,1904-01-01,1947-06-01,deceased
20943,23219,22977,1901-01-01,1943-06-01,deceased
20944,22905,23516,1903-01-01,1932-06-01,deceased
20945,23236,23517,1901-01-01,1927-06-01,deceased
20946,22850,23519,1903-01-01,1928-06-01,deceased
20947,22738,23520,1903-01-01,1924-06-01,deceased
20948,23359,23521,1903-01-01,1939-06-01,deceased
20949,22911,23522,1901-01-01,1926-06-01,deceased
20950,22869,23033,1902-01-01,1922-06-01,deceased
20951,22768,23523,1902-01-01,1938-06-01,deceased
20952,23051,23525,1906-01-01,1937-06-01,deceased
20953,23025,23526,1906-01-01,1934-06-01,deceased
20954,22654,23527,1902-01-01,1928-06-01,deceased
20955,23186,23529,1901-01-01,1922-06-01,deceased
20956,22935,23530,1902-01-01,1949-06-01,deceased
20957,22848,23531,1902-01-01,1935-06-01,deceased
20958,22929,23532,1906-01-01,1951-06-01,deceased
20959,23227,23533,1902-01-01,1935-06-01,deceased
20960,23030,23534,1904-01-01,1943-06-01,deceased
20961,22837,23535,1904-01-01,1944-06-01,deceased
20962,22681,23536,1904-01-01,1935-06-01,deceased
20963,23063,23537,1902-01-01,1942-06-01,deceased
20964,23007,23540,1903-01-01,1926-06-01,deceased
20965,23085,23541,1901-01-01,1952-06-01,deceased
20966,23146,23542,1904-01-01,1923-06-01,deceased
20967,23330,23543,1902-01-01,1931-06-01,deceased
20968,23374,23544,1907-01-01,1946-06-01,deceased
20969,23128,23547,1904-01-01,1938-06-01,deceased
20970,22812,23324,1903-01-01,1961-06-01,deceased
20971,23311,23548,1905-01-01,1942-06-01,deceased
20972,23184,23078,1904-01-01,1929-06-01,deceased
20973,22724,23207,1905-01-01,1967-06-01,deceased
20974,23221,23549,1902-01-01,1958-06-01,deceased
20975,22847,22652,1907-01-01,1933-06-01,deceased
20976,22715,23550,1901-01-01,1947-06-01,deceased
20977,23346,23551,1903-01-01,1948-06-01,deceased
20978,22779,23552,1902-01-01,1923-06-01,deceased
20979,22772,23215,1907-01-01,1947-06-01,deceased
20980,22764,23553,1906-01-01,1926-06-01,deceased
20981,23077,23554,1901-01-01,1923-06-01,deceased
20982,22938,23555,1906-01-01,1929-06-01,deceased
20983,22976,23556,1906-01-01,1954-06-01,deceased
20984,22795,23557,1902-01-01,1957-06-01,deceased
20985,23328,23558,1901-01-01,1937-06-01,deceased
20986,23307,23559,1907-01-01,1926-06-01,deceased
20987,23101,23561,1905-01-01,1935-06-01,deceased
20988,22921,23563,1902-01-01,1947-06-01,deceased
20989,23102,23564,1902-01-01,1933-06-01,deceased
20990,22853,23565,1903-01-01,1927-06-01,deceased
20991,23264,23566,1903-01-01,1928-06-01,deceased
20992,22907,23567,1904-01-01,1922-06-01,deceased
20993,23371,23568,1903-01-01,1941-06-01,deceased
20994,22867,23570,1906-01-01,1956-06-01,deceased
20995,23365,22992,1903-01-01,1959-06-01,deceased
20996,22721,23571,1904-01-01,1923-06-01,deceased
20997,23201,23572,1903-01-01,1965-06-01,deceased
20998,23377,22719,1903-01-01,1937-06-01,deceased
20999,23339,23573,1901-01-01,1937-06-01,deceased
21000,23141,23575,1905-01-01,1936-06-01,deceased
21001,22698,23576,1901-01-01,1936-06-01,deceased
21002,23036,23577,1903-01-01,1952-06-01,deceased
21003,22688,23578,1907-01-01,1952-06-01,deceased
21004,22771,23579,1906-01-01,1924-06-01,deceased
21005,23125,23580,1902-01-01,1961-06-01,deceased
21006,22888,23581,1904-01-01,1927-06-01,deceased
21007,23162,23583,1902-01-01,1929-06-01,deceased
21008,22886,23584,1906-01-01,1944-06-01,deceased
21009,23267,23585,1906-01-01,1935-06-01,deceased
21010,23143,23586,1905-01-01,1959-06-01,deceased
21011,23093,23588,1907-01-01,1924-06-01,deceased
21012,23210,23589,1905-01-01,1925-06-01,deceased
21013,22648,23590,1904-01-01,1924-06-01,deceased
21014,23302,23591,1902-01-01,1946-06-01,deceased
21015,22800,23592,1906-01-01,1929-06-01,deceased
21016,22658,23593,1904-01-01,1945-06-01,deceased
21017,22963,23594,1906-01-01,1940-06-01,deceased
21018,23248,23595,1901-01-01,1934-06-01,deceased
21019,22671,23596,1905-01-01,1926-06-01,deceased
21020,23029,23597,1906-01-01,1950-06-01,deceased
21021,23159,23598,1905-01-01,1924-06-01,deceased
21022,22948,23600,1907-01-01,1959-06-01,deceased
21023,22751,23601,1906-01-01,1942-06-01,deceased
21024,23099,23602,1905-01-01,1928-06-01,deceased
21025,23165,23603,1905-01-01,1951-06-01,deceased
21026,22692,23351,1903-01-01,1962-06-01,deceased
21027,23122,23604,1904-01-01,1932-06-01,deceased
21028,23335,23605,1903-01-01,1945-06-01,deceased
21029,23034,23606,1905-01-01,1942-06-01,deceased
21030,23189,23608,1902-01-01,1943-06-01,deceased
21031,22851,23610,1902-01-01,1927-06-01,deceased
21032,23260,23611,1901-01-01,1920-06-01,deceased
21033,22697,23235,1901-01-01,1952-06-01,deceased
21034,23265,23612,1906-01-01,1970-06-01,deceased
21035,23234,23613,1903-01-01,1926-06-01,deceased
21036,22982,23614,1905-01-01,1960-06-01,deceased
21037,23216,23615,1901-01-01,1964-06-01,deceased
21038,22878,23616,1902-01-01,1944-06-01,deceased
21039,22816,23617,1902-01-01,1952-06-01,deceased
21040,22951,23618,1906-01-01,1928-06-01,deceased
21041,22735,23619,1902-01-01,1937-06-01,deceased
21042,22868,23620,1905-01-01,1935-06-01,deceased
21043,23154,23621,1905-01-01,1961-06-01,deceased
21044,22993,23622,1906-01-01,1933-06-01,deceased
21045,23194,23623,1903-01-01,1948-06-01,deceased
21046,23214,23167,1906-01-01,1953-06-01,deceased
21047,22803,23624,1905-01-01,1953-06-01,deceased
21048,22900,23625,1906-01-01,1930-06-01,deceased
21049,22841,23626,1901-01-01,1919-06-01,deceased
21050,22710,23627,1902-01-01,1945-06-01,deceased
21051,23251,23628,1906-01-01,1929-06-01,deceased
21052,22668,23630,1902-01-01,1934-06-01,deceased
21053,23232,23631,1904-01-01,1947-06-01,deceased
21054,23218,22695,1904-01-01,1949-06-01,deceased
21055,23009,23632,1903-01-01,1930-06-01,deceased
21056,23068,23633,1907-01-01,1939-06-01,deceased
21057,22663,23634,1903-01-01,1923-06-01,deceased
21058,22881,23635,1905-01-01,1940-06-01,deceased
21059,22892,23636,1901-01-01,1927-06-01,deceased
21060,22707,23638,1901-01-01,1934-06-01,deceased
21061,23296,23639,1901-01-01,1942-06-01,deceased
21062,22807,23640,1907-01-01,1944-06-01,deceased
21063,22960,23641,1903-01-01,1938-06-01,deceased
21064,23274,23642,1907-01-01,1951-06-01,deceased
21065,23074,23643,1904-01-01,1934-06-01,deceased
21066,22950,23644,1904-01-01,1939-06-01,deceased
21067,23193,23645,1902-01-01,1924-06-01,deceased
21068,23383,23646,1907-01-01,1945-06-01,deceased
21069,23317,23647,1902-01-01,1925-06-01,deceased
21070,23368,22914,1905-01-01,1942-06-01,deceased
21071,22660,23648,1901-01-01,1943-06-01,deceased
21072,22838,23649,1903-01-01,1938-06-01,deceased
21073,22718,23650,1907-01-01,1926-06-01,deceased
21074,23064,23651,1904-01-01,1968-06-01,deceased
21075,22777,23652,1904-01-01,1931-06-01,deceased
21076,22808,23653,1902-01-01,1959-06-01,deceased
21077,23303,23654,1902-01-01,1928-06-01,deceased
21078,22845,23655,1902-01-01,1924-06-01,deceased
21079,23089,23656,1904-01-01,1927-06-01,deceased
21080,23082,23657,1901-01-01,1933-06-01,deceased
21081,22995,23658,1907-01-01,1936-06-01,deceased
21082,22919,23659,1904-01-01,1951-06-01,deceased
21083,22811,23080,1905-01-01,1951-06-01,deceased
21084,22920,23660,1901-01-01,1949-06-01,deceased
21085,23168,23661,1904-01-01,1952-06-01,deceased
21086,23203,23662,1906-01-01,1951-06-01,deceased
21087,23097,23663,1905-01-01,1957-06-01,deceased
21088,23331,23664,1907-01-01,1936-06-01,deceased
21089,23325,23665,1903-01-01,1954-06-01,deceased
21090,23053,23666,1902-01-01,1951-06-01,deceased
21091,22694,23667,1903-01-01,1934-06-01,deceased
21092,22675,23668,1904-01-01,1932-06-01,deceased
21093,23069,23670,1903-01-01,1969-06-01,deceased
21094,23163,23671,1901-01-01,1936-06-01,deceased
21095,22785,22684,1902-01-01,1946-06-01,deceased
21096,23049,23083,1901-01-01,1946-06-01,deceased
21097,23166,23672,1904-01-01,1951-06-01,deceased
21098,22918,23674,1903-01-01,1921-06-01,deceased
21099,23084,23675,1903-01-01,1924-06-01,deceased
21100,22876,22741,1901-01-01,1924-06-01,deceased
21101,22666,23676,1906-01-01,1940-06-01,deceased
21102,23255,23677,1904-01-01,1933-06-01,deceased
21103,22863,23678,1903-01-01,1935-06-01,deceased
21104,22937,23679,1905-01-01,1938-06-01,deceased
21105,23361,23680,1901-01-01,1957-06-01,deceased
21106,22941,23681,1902-01-01,1922-06-01,deceased
21107,22877,23682,1907-01-01,1935-06-01,deceased
21108,22651,23683,1903-01-01,1935-06-01,deceased
21109,22852,23686,1901-01-01,1930-06-01,deceased
21110,23055,23687,1902-01-01,1917-06-01,deceased
21111,22696,23688,1901-01-01,1933-06-01,deceased
21112,23045,23689,1905-01-01,1931-06-01,deceased
21113,22789,22856,1903-01-01,1944-06-01,deceased
21114,22966,23690,1906-01-01,1938-06-01,deceased
21115,22806,23691,1902-01-01,1920-06-01,deceased
21116,23293,23692,1906-01-01,1930-06-01,deceased
21117,23295,23693,1907-01-01,1923-06-01,deceased
21118,23271,23695,1904-01-01,1951-06-01,deceased
21119,22705,23696,1906-01-01,1957-06-01,deceased
21120,23278,23697,1903-01-01,1922-06-01,deceased
21121,23309,23698,1904-01-01,1949-06-01,deceased
21122,22687,23700,1903-01-01,1926-06-01,deceased
21123,23304,23701,1903-01-01,1949-06-01,deceased
21124,23107,23702,1907-01-01,1933-06-01,deceased
21125,22861,23703,1903-01-01,1938-06-01,deceased
21126,22728,23704,1906-01-01,1924-06-01,deceased
21127,23032,23706,1907-01-01,1932-06-01,deceased
21128,23319,23709,1904-01-01,1939-06-01,deceased
21129,22714,23710,1907-01-01,1946-06-01,deceased
21130,23116,23711,1902-01-01,1940-06-01,deceased
21131,22657,23712,1906-01-01,1964-06-01,deceased
21132,23095,22827,1902-01-01,1946-06-01,deceased
21133,24505,24667,1922-01-01,1969-06-01,deceased
21134,23875,24668,1919-01-01,1982-06-01,deceased
21135,24551,24669,1922-01-01,1989-06-01,deceased
21136,23822,24671,1921-01-01,1969-06-01,deceased
21137,23976,24672,1924-01-01,1952-06-01,deceased
21138,23953,24673,1925-01-01,1947-06-01,deceased
21139,23897,24406,1921-01-01,1951-06-01,deceased
21140,24134,24674,1923-01-01,1963-06-01,deceased
21141,23839,24675,1920-01-01,1945-06-01,deceased
21142,23807,24676,1921-01-01,1955-06-01,deceased
21143,23846,24677,1925-01-01,1962-06-01,deceased
21144,24231,24678,1922-01-01,1947-06-01,deceased
21145,24011,24679,1919-01-01,1944-06-01,deceased
21146,24260,24383,1923-01-01,1968-06-01,deceased
21147,24204,24457,1925-01-01,1982-06-01,deceased
21148,24380,24681,1923-01-01,1985-06-01,deceased
21149,24354,24682,1919-01-01,1954-06-01,deceased
21150,24141,24684,1921-01-01,1977-06-01,deceased
21151,24285,24685,1922-01-01,1966-06-01,deceased
21152,24202,24686,1925-01-01,1947-06-01,deceased
21153,23945,24687,1924-01-01,1945-06-01,deceased
21154,24336,24688,1925-01-01,1944-06-01,deceased
21155,23972,24689,1925-01-01,1964-06-01,deceased
21156,23964,24690,1924-01-01,1975-06-01,deceased
21157,24155,24691,1925-01-01,1956-06-01,deceased
21158,24113,24692,1923-01-01,1946-06-01,deceased
21159,24213,24693,1923-01-01,1971-06-01,deceased
21160,23961,24694,1921-01-01,1945-06-01,deceased
21161,23857,24695,1923-01-01,1953-06-01,deceased
21162,23868,24696,1923-01-01,1963-06-01,deceased
21163,24324,24697,1924-01-01,1942-06-01,deceased
21164,24277,24698,1924-01-01,1966-06-01,deceased
21165,23981,24699,1925-01-01,1967-06-01,deceased
21166,24315,24700,1924-01-01,1964-06-01,deceased
21167,23774,24701,1924-01-01,1940-06-01,deceased
21168,24072,24702,1923-01-01,1950-06-01,deceased
21169,24423,24703,1925-01-01,1949-06-01,deceased
21170,24544,24704,1919-01-01,1945-06-01,deceased
21171,24467,24705,1921-01-01,1940-06-01,deceased
21172,23794,24706,1924-01-01,1946-06-01,deceased
21173,24278,24707,1920-01-01,1968-06-01,deceased
21174,24132,24708,1920-01-01,1946-06-01,deceased
21175,23782,24709,1922-01-01,1971-06-01,deceased
21176,23858,24710,1922-01-01,1959-06-01,deceased
21177,24377,24711,1923-01-01,1952-06-01,deceased
21178,24497,24712,1921-01-01,1945-06-01,deceased
21179,24508,24713,1925-01-01,1965-06-01,deceased
21180,23768,24714,1920-01-01,1960-06-01,deceased
21181,23815,24715,1920-01-01,1955-06-01,deceased
21182,23991,24716,1925-01-01,1946-06-01,deceased
21183,24451,24718,1921-01-01,1959-06-01,deceased
21184,24632,24719,1922-01-01,1950-06-01,deceased
21185,24098,24720,1921-01-01,1953-06-01,deceased
21186,24360,24721,1925-01-01,1944-06-01,deceased
21187,23924,24722,1920-01-01,1939-06-01,deceased
21188,24045,24723,1923-01-01,1955-06-01,deceased
21189,24289,24724,1919-01-01,1947-06-01,deceased
21190,24604,24725,1919-01-01,1944-06-01,deceased
21191,24296,24726,1923-01-01,1952-06-01,deceased
21192,24400,24728,1919-01-01,1942-06-01,deceased
21193,23915,24730,1924-01-01,1942-06-01,deceased
21194,24269,24731,1921-01-01,1947-06-01,deceased
21195,24388,24733,1922-01-01,1956-06-01,deceased
21196,24250,24734,1922-01-01,1949-06-01,deceased
21197,23887,24735,1920-01-01,1937-06-01,deceased
21198,24437,24736,1925-01-01,1972-06-01,deceased
21199,24414,24737,1921-01-01,1983-06-01,deceased
21200,24242,24286,1921-01-01,1960-06-01,deceased
21201,24626,24740,1924-01-01,1950-06-01,deceased
21202,23922,24742,1920-01-01,1947-06-01,deceased
21203,23814,24743,1925-01-01,1975-06-01,deceased
21204,23927,24744,1921-01-01,1946-06-01,deceased
21205,24322,24745,1920-01-01,1939-06-01,deceased
21206,24016,24746,1919-01-01,1979-06-01,deceased
21207,24548,24747,1924-01-01,1947-06-01,deceased
21208,23790,24748,1923-01-01,1973-06-01,deceased
21209,23771,24749,1924-01-01,1957-06-01,deceased
21210,24663,24750,1925-01-01,1955-06-01,deceased
21211,24161,24751,1924-01-01,1941-06-01,deceased
21212,23870,24117,1919-01-01,1967-06-01,deceased
21213,24239,24752,1925-01-01,1957-06-01,deceased
21214,24148,24753,1920-01-01,1962-06-01,deceased
21215,24481,24754,1924-01-01,1982-06-01,deceased
21216,24407,24755,1923-01-01,1952-06-01,deceased
21217,23932,24756,1923-01-01,1974-06-01,deceased
21218,24061,24447,1920-01-01,1943-06-01,deceased
21219,24630,24757,1922-01-01,1953-06-01,deceased
21220,24468,24758,1920-01-01,1962-06-01,deceased
21221,24501,24759,1923-01-01,1959-06-01,deceased
21222,23936,24760,1919-01-01,1976-06-01,deceased
21223,24461,24761,1921-01-01,1955-06-01,deceased
21224,23861,24762,1920-01-01,1948-06-01,deceased
21225,23754,24763,1921-01-01,1983-06-01,deceased
21226,23819,24764,1924-01-01,1942-06-01,deceased
21227,24320,24571,1923-01-01,1980-06-01,deceased
21228,24157,24765,1925-01-01,1975-06-01,deceased
21229,24393,24767,1919-01-01,1971-06-01,deceased
21230,24083,24768,1919-01-01,1953-06-01,deceased
21231,23918,24769,1925-01-01,1960-06-01,deceased
21232,24374,24771,1919-01-01,1975-06-01,deceased
21233,24483,24772,1922-01-01,1969-06-01,deceased
21234,23907,24773,1921-01-01,1939-06-01,deceased
21235,23879,24774,1921-01-01,1976-06-01,deceased
21236,24649,24775,1925-01-01,1944-06-01,deceased
21237,24639,24776,1920-01-01,1939-06-01,deceased
21238,24248,24777,1921-01-01,1962-06-01,deceased
21239,24637,24778,1919-01-01,1942-06-01,deceased
21240,24091,24779,1920-01-01,1961-06-01,deceased
21241,24206,24780,1920-01-01,1951-06-01,deceased
21242,24530,24783,1920-01-01,1961-06-01,deceased
21243,24438,24473,1925-01-01,1946-06-01,deceased
21244,23947,24784,1925-01-01,1962-06-01,deceased
21245,23739,24785,1921-01-01,1980-06-01,deceased
21246,24143,24786,1924-01-01,1945-06-01,deceased
21247,23880,24787,1924-01-01,1973-06-01,deceased
21248,24644,24788,1925-01-01,1979-06-01,deceased
21249,24075,24789,1923-01-01,1941-06-01,deceased
21250,24394,24790,1920-01-01,1937-06-01,deceased
21251,23804,24498,1923-01-01,1964-06-01,deceased
21252,24170,24791,1923-01-01,1983-06-01,deceased
21253,24038,24792,1920-01-01,1961-06-01,deceased
21254,23775,24793,1921-01-01,1945-06-01,deceased
21255,24272,24279,1920-01-01,1953-06-01,deceased
21256,24331,23735,1921-01-01,1941-06-01,deceased
21257,24563,24794,1924-01-01,1986-06-01,deceased
21258,24454,24795,1922-01-01,1960-06-01,deceased
21259,23748,24796,1922-01-01,1940-06-01,deceased
21260,23954,24797,1921-01-01,1972-06-01,deceased
21261,23939,24798,1924-01-01,1958-06-01,deceased
21262,23993,24657,1925-01-01,1948-06-01,deceased
21263,24000,24800,1925-01-01,1984-06-01,deceased
21264,24573,24801,1923-01-01,1953-06-01,deceased
21265,24408,24802,1922-01-01,1940-06-01,deceased
21266,24479,24803,1925-01-01,1987-06-01,deceased
21267,24328,24804,1924-01-01,1953-06-01,deceased
21268,24664,24353,1921-01-01,1942-06-01,deceased
21269,23737,24805,1922-01-01,1945-06-01,deceased
21270,24054,24806,1920-01-01,1962-06-01,deceased
21271,24185,23973,1922-01-01,1975-06-01,deceased
21272,23865,24808,1923-01-01,1947-06-01,deceased
21273,24349,24809,1924-01-01,1964-06-01,deceased
21274,24539,24810,1923-01-01,1949-06-01,deceased
21275,24051,24811,1920-01-01,1959-06-01,deceased
21276,23893,24812,1924-01-01,1950-06-01,deceased
21277,24174,24813,1924-01-01,1954-06-01,deceased
21278,24215,24001,1925-01-01,1968-06-01,deceased
21279,23729,24815,1920-01-01,1959-06-01,deceased
21280,23916,24816,1919-01-01,1961-06-01,deceased
21281,23929,24817,1921-01-01,1980-06-01,deceased
21282,23817,24819,1924-01-01,1971-06-01,deceased
21283,24003,24821,1923-01-01,1961-06-01,deceased
21284,24256,24822,1924-01-01,1954-06-01,deceased
21285,24533,24823,1920-01-01,1951-06-01,deceased
21286,24553,24359,1920-01-01,1940-06-01,deceased
21287,24187,24826,1924-01-01,1958-06-01,deceased
21288,24116,24827,1919-01-01,1940-06-01,deceased
21289,24529,24828,1920-01-01,1971-06-01,deceased
21290,24014,23967,1924-01-01,1952-06-01,deceased
21291,24621,24829,1920-01-01,1958-06-01,deceased
21292,23986,24830,1924-01-01,1961-06-01,deceased
21293,24384,24831,1925-01-01,1965-06-01,deceased
21294,24073,24832,1920-01-01,1961-06-01,deceased
21295,24189,24833,1922-01-01,1964-06-01,deceased
21296,24009,24834,1920-01-01,1970-06-01,deceased
21297,24555,24835,1920-01-01,1955-06-01,deceased
21298,24660,24836,1921-01-01,1941-06-01,deceased
21299,24201,24837,1921-01-01,1946-06-01,deceased
21300,23727,24838,1922-01-01,1970-06-01,deceased
21301,24535,24839,1922-01-01,1962-06-01,deceased
21302,24219,24840,1924-01-01,1942-06-01,deceased
21303,24052,24841,1923-01-01,1968-06-01,deceased
21304,23921,24842,1919-01-01,1974-06-01,deceased
21305,23864,24843,1921-01-01,1970-06-01,deceased
21306,24450,24844,1920-01-01,1966-06-01,deceased
21307,23835,24846,1919-01-01,1940-06-01,deceased
21308,24192,24848,1922-01-01,1942-06-01,deceased
21309,24065,24849,1921-01-01,1949-06-01,deceased
21310,24327,24850,1924-01-01,1982-06-01,deceased
21311,24541,23914,1922-01-01,1945-06-01,deceased
21312,24580,24851,1925-01-01,1979-06-01,deceased
21313,23787,24852,1924-01-01,1944-06-01,deceased
21314,24537,24853,1921-01-01,1950-06-01,deceased
21315,24244,24854,1923-01-01,1958-06-01,deceased
21316,24195,24857,1925-01-01,1953-06-01,deceased
21317,24089,24858,1921-01-01,1974-06-01,deceased
21318,23873,24859,1924-01-01,1981-06-01,deceased
21319,24028,24860,1920-01-01,1963-06-01,deceased
21320,24266,24861,1923-01-01,1947-06-01,deceased
21321,23714,24862,1919-01-01,1935-06-01,deceased
21322,23856,24863,1919-01-01,1947-06-01,deceased
21323,24471,24865,1921-01-01,1945-06-01,deceased
21324,24431,24866,1921-01-01,1965-06-01,deceased
21325,24197,24867,1925-01-01,1953-06-01,deceased
21326,23946,24869,1921-01-01,1946-06-01,deceased
21327,24168,24870,1920-01-01,1962-06-01,deceased
21328,24405,24871,1919-01-01,1972-06-01,deceased
21329,23747,24872,1922-01-01,1947-06-01,deceased
21330,24662,24873,1925-01-01,1979-06-01,deceased
21331,24629,24874,1921-01-01,1981-06-01,deceased
21332,24123,24876,1924-01-01,1952-06-01,deceased
21333,24106,24877,1923-01-01,1959-06-01,deceased
21334,24241,24878,1921-01-01,1962-06-01,deceased
21335,24194,24879,1923-01-01,1945-06-01,deceased
21336,24025,24097,1919-01-01,1944-06-01,deceased
21337,24364,24881,1923-01-01,1978-06-01,deceased
21338,24307,24882,1923-01-01,1943-06-01,deceased
21339,23757,24883,1923-01-01,1956-06-01,deceased
21340,24096,24884,1922-01-01,1943-06-01,deceased
21341,24125,24885,1920-01-01,1938-06-01,deceased
21342,24020,24886,1920-01-01,1973-06-01,deceased
21343,24600,24887,1922-01-01,1952-06-01,deceased
21344,24121,24888,1923-01-01,1942-06-01,deceased
21345,24365,24889,1924-01-01,1960-06-01,deceased
21346,24330,24890,1923-01-01,1955-06-01,deceased
21347,24254,24891,1924-01-01,1979-06-01,deceased
21348,24606,24247,1921-01-01,1969-06-01,deceased
21349,24545,24893,1923-01-01,1942-06-01,deceased
21350,24318,24894,1921-01-01,1944-06-01,deceased
21351,24510,24263,1924-01-01,1957-06-01,deceased
21352,23793,24429,1923-01-01,1945-06-01,deceased
21353,24237,24895,1920-01-01,1958-06-01,deceased
21354,24281,24896,1924-01-01,1962-06-01,deceased
21355,24522,24897,1919-01-01,1945-06-01,deceased
21356,24577,24898,1925-01-01,1952-06-01,deceased
21357,23780,24899,1925-01-01,1974-06-01,deceased
21358,23827,24900,1919-01-01,1943-06-01,deceased
21359,24532,24901,1921-01-01,1961-06-01,deceased
21360,24138,24902,1919-01-01,1941-06-01,deceased
21361,24597,24903,1921-01-01,1980-06-01,deceased
21362,23742,24586,1923-01-01,1945-06-01,deceased
21363,24077,24904,1923-01-01,1971-06-01,deceased
21364,24264,24905,1923-01-01,1948-06-01,deceased
21365,23941,24906,1923-01-01,1943-06-01,deceased
21366,23722,24907,1924-01-01,1983-06-01,deceased
21367,23872,24908,1925-01-01,1987-06-01,deceased
21368,24102,24909,1924-01-01,1972-06-01,deceased
21369,23876,24910,1921-01-01,1945-06-01,deceased
21370,24572,24911,1919-01-01,1969-06-01,deceased
21371,24362,24912,1920-01-01,1959-06-01,deceased
21372,23867,24913,1920-01-01,1973-06-01,deceased
21373,23944,24914,1922-01-01,1978-06-01,deceased
21374,24313,24915,1920-01-01,1946-06-01,deceased
21375,23825,24916,1923-01-01,1950-06-01,deceased
21376,24631,24917,1921-01-01,1958-06-01,deceased
21377,24615,24918,1920-01-01,1938-06-01,deceased
21378,24370,24919,1924-01-01,1960-06-01,deceased
21379,23984,24920,1920-01-01,1943-06-01,deceased
21380,24233,24922,1923-01-01,1977-06-01,deceased
21381,24049,24923,1919-01-01,1951-06-01,deceased
21382,23844,24924,1923-01-01,1984-06-01,deceased
21383,24426,24925,1919-01-01,1943-06-01,deceased
21384,23755,24926,1921-01-01,1937-06-01,deceased
21385,23957,24928,1925-01-01,1975-06-01,deceased
21386,24403,24366,1925-01-01,1974-06-01,deceased
21387,23845,24929,1923-01-01,1953-06-01,deceased
21388,24345,24930,1924-01-01,1962-06-01,deceased
21389,24489,24931,1924-01-01,1948-06-01,deceased
21390,24652,24932,1923-01-01,1970-06-01,deceased
21391,24446,24933,1924-01-01,1984-06-01,deceased
21392,24411,24934,1923-01-01,1949-06-01,deceased
21393,23891,24935,1925-01-01,1969-06-01,deceased
21394,24653,24936,1925-01-01,1967-06-01,deceased
21395,23901,24938,1925-01-01,1954-06-01,deceased
21396,24081,24939,1920-01-01,1973-06-01,deceased
21397,24433,24940,1924-01-01,1950-06-01,deceased
21398,24115,24942,1920-01-01,1949-06-01,deceased
21399,24643,24943,1922-01-01,1960-06-01,deceased
21400,23841,24944,1924-01-01,1942-06-01,deceased
21401,23928,24946,1921-01-01,1957-06-01,deceased
21402,24557,24948,1923-01-01,1949-06-01,deceased
21403,24230,24949,1921-01-01,1942-06-01,deceased
21404,24226,24950,1919-01-01,1976-06-01,deceased
21405,24515,24951,1920-01-01,1955-06-01,deceased
21406,24381,24952,1920-01-01,1946-06-01,deceased
21407,24275,24953,1921-01-01,1947-06-01,deceased
21408,24513,24954,1922-01-01,1958-06-01,deceased
21409,24236,24956,1924-01-01,1942-06-01,deceased
21410,24108,24957,1921-01-01,1953-06-01,deceased
21411,24251,24958,1924-01-01,1961-06-01,deceased
21412,24624,24959,1925-01-01,1947-06-01,deceased
21413,24092,24961,1924-01-01,1946-06-01,deceased
21414,24509,24962,1923-01-01,1953-06-01,deceased
21415,24225,24963,1923-01-01,1964-06-01,deceased
21416,23800,24964,1919-01-01,1961-06-01,deceased
21417,23966,24965,1925-01-01,1982-06-01,deceased
21418,24465,24967,1924-01-01,1950-06-01,deceased
21419,23719,23773,1921-01-01,1983-06-01,deceased
21420,23732,23799,1920-01-01,1951-06-01,deceased
21421,23838,24969,1924-01-01,1958-06-01,deceased
21422,24665,24970,1919-01-01,1955-06-01,deceased
21423,24220,24971,1922-01-01,1943-06-01,deceased
21424,24271,24973,1924-01-01,1946-06-01,deceased
21425,23997,24974,1921-01-01,1954-06-01,deceased
21426,23977,24975,1924-01-01,1942-06-01,deceased
21427,24558,24356,1923-01-01,1946-06-01,deceased
21428,24304,24976,1919-01-01,1957-06-01,deceased
21429,24087,24977,1921-01-01,1982-06-01,deceased
21430,24634,23960,1924-01-01,1945-06-01,deceased
21431,24280,24978,1925-01-01,1984-06-01,deceased
21432,24430,24979,1920-01-01,1950-06-01,deceased
21433,24314,24980,1922-01-01,1953-06-01,deceased
21434,23975,23987,1922-01-01,1942-06-01,deceased
21435,24312,24981,1923-01-01,1940-06-01,deceased
21436,24306,24982,1924-01-01,1948-06-01,deceased
21437,24027,24983,1925-01-01,1948-06-01,deceased
21438,24448,24984,1920-01-01,1964-06-01,deceased
21439,24585,24986,1925-01-01,1947-06-01,deceased
21440,24413,24987,1921-01-01,1987-06-01,deceased
21441,23776,24988,1925-01-01,1972-06-01,deceased
21442,24137,24989,1924-01-01,1953-06-01,deceased
21443,24526,23718,1922-01-01,1962-06-01,deceased
21444,24232,24990,1919-01-01,1945-06-01,deceased
21445,24007,24992,1920-01-01,1960-06-01,deceased
21446,24301,24993,1923-01-01,1965-06-01,deceased
21447,24421,24994,1922-01-01,1958-06-01,deceased
21448,24518,24996,1925-01-01,1945-06-01,deceased
21449,23851,24999,1920-01-01,1954-06-01,deceased
21450,24270,25000,1924-01-01,1955-06-01,deceased
21451,23889,25002,1922-01-01,1952-06-01,deceased
21452,24326,25003,1923-01-01,1951-06-01,deceased
21453,23778,25004,1924-01-01,1966-06-01,deceased
21454,23812,25005,1919-01-01,1963-06-01,deceased
21455,24396,25006,1923-01-01,1973-06-01,deceased
21456,24287,25007,1925-01-01,1959-06-01,deceased
21457,24017,25008,1921-01-01,1957-06-01,deceased
21458,24440,25009,1925-01-01,1941-06-01,deceased
21459,24214,25010,1923-01-01,1977-06-01,deceased
21460,24282,25011,1919-01-01,1960-06-01,deceased
21461,23933,25012,1925-01-01,1968-06-01,deceased
21462,24086,25013,1924-01-01,1951-06-01,deceased
21463,23730,25015,1920-01-01,1958-06-01,deceased
21464,24295,25016,1920-01-01,1952-06-01,deceased
21465,24382,24620,1922-01-01,1947-06-01,deceased
21466,23808,24367,1922-01-01,1952-06-01,deceased
21467,23956,25018,1925-01-01,1949-06-01,deceased
21468,23713,25019,1921-01-01,1962-06-01,deceased
21469,24656,25021,1922-01-01,1971-06-01,deceased
21470,23958,24140,1925-01-01,1965-06-01,deceased
21471,24623,25022,1925-01-01,1949-06-01,deceased
21472,24500,25023,1924-01-01,1975-06-01,deceased
21473,24613,24159,1919-01-01,1969-06-01,deceased
21474,24434,25024,1922-01-01,1947-06-01,deceased
21475,23728,25025,1919-01-01,1967-06-01,deceased
21476,23911,25026,1925-01-01,1967-06-01,deceased
21477,23832,25027,1924-01-01,1945-06-01,deceased
21478,23850,25028,1924-01-01,1945-06-01,deceased
21479,23784,25029,1920-01-01,1959-06-01,deceased
21480,24469,25030,1922-01-01,1975-06-01,deceased
21481,24584,25032,1923-01-01,1964-06-01,deceased
21482,24339,24376,1921-01-01,1949-06-01,deceased
21483,24341,25034,1922-01-01,1951-06-01,deceased
21484,24410,25035,1919-01-01,1950-06-01,deceased
21485,24453,25036,1921-01-01,1943-06-01,deceased
21486,23885,25037,1925-01-01,1950-06-01,deceased
21487,23903,25038,1923-01-01,1956-06-01,deceased
21488,24398,25039,1920-01-01,1939-06-01,deceased
21489,24130,24531,1925-01-01,1964-06-01,deceased
21490,23765,23779,1925-01-01,1955-06-01,deceased
21491,24492,25040,1921-01-01,1954-06-01,deceased
21492,23869,25041,1919-01-01,1939-06-01,deceased
21493,23745,25043,1925-01-01,1943-06-01,deceased
21494,23802,25044,1919-01-01,1977-06-01,deceased
21495,24205,25045,1922-01-01,1954-06-01,deceased
21496,24456,25046,1921-01-01,1966-06-01,deceased
21497,23888,25047,1921-01-01,1940-06-01,deceased
21498,24458,25048,1922-01-01,1958-06-01,deceased
21499,23913,25049,1920-01-01,1959-06-01,deceased
21500,23998,25050,1925-01-01,1970-06-01,deceased
21501,23764,25051,1923-01-01,1963-06-01,deceased
21502,23750,25052,1919-01-01,1938-06-01,deceased
21503,24101,25053,1925-01-01,1962-06-01,deceased
21504,24212,23843,1923-01-01,1948-06-01,deceased
21505,23789,25054,1920-01-01,1962-06-01,deceased
21506,24570,25055,1923-01-01,1948-06-01,deceased
21507,24591,25056,1924-01-01,1993-06-01,deceased
21508,24475,25057,1919-01-01,1942-06-01,deceased
21509,24182,25058,1922-01-01,1965-06-01,deceased
21510,23951,25059,1921-01-01,1961-06-01,deceased
21511,24069,25061,1920-01-01,1976-06-01,deceased
21512,24618,25062,1920-01-01,1953-06-01,deceased
21513,24029,25063,1925-01-01,1953-06-01,deceased
21514,24658,25064,1922-01-01,1959-06-01,deceased
21515,24547,25065,1925-01-01,1946-06-01,deceased
21516,23762,25066,1923-01-01,1949-06-01,deceased
21517,23811,25067,1923-01-01,1983-06-01,deceased
21518,23978,23736,1919-01-01,1942-06-01,deceased
21519,24385,25068,1925-01-01,1967-06-01,deceased
21520,24085,25069,1925-01-01,1955-06-01,deceased
21521,24002,24463,1924-01-01,1983-06-01,deceased
21522,24490,25070,1922-01-01,1973-06-01,deceased
21523,24094,25071,1922-01-01,1957-06-01,deceased
21524,24165,25072,1925-01-01,1945-06-01,deceased
21525,24191,25073,1920-01-01,1963-06-01,deceased
21526,23950,24622,1924-01-01,1968-06-01,deceased
21527,23855,25075,1921-01-01,1938-06-01,deceased
21528,24105,25076,1919-01-01,1944-06-01,deceased
21529,24449,24503,1920-01-01,1939-06-01,deceased
21530,24507,25078,1921-01-01,1949-06-01,deceased
21531,24499,25079,1925-01-01,1966-06-01,deceased
21532,24389,25081,1925-01-01,1951-06-01,deceased
21533,23909,25082,1924-01-01,1980-06-01,deceased
21534,24063,25083,1919-01-01,1971-06-01,deceased
